Product Id,SKU,Product Name,Category,Image URL,Product Status,
652160,BZCG-650-PD03-8GB,Aeroplane Shape Fancy Pen Drive,"Mobiles,Tablets & Accessories >> Mobile Accessories >> Pen Drives",https://www.moonboy.in/images/product_img/original_jekmadb0euphiol.jpg,Active,
652159,FXDR-650-PD04-8GB,Android Shape Fancy Pendrive,"Mobiles,Tablets & Accessories >> Mobile Accessories >> Pen Drives",https://www.moonboy.in/images/product_img/original_chirsnygatqvmu0.jpg,Active,
652158,QFPH-650-PD13-8GB,Banana Shape Fancy Pendrive,"Mobiles,Tablets & Accessories >> Mobile Accessories >> Pen Drives",https://www.moonboy.in/images/product_img/original_95402qhchovzafj.jpg,Active,
652157,YOWE-650-PD02-8GB,Batman Thunder Shape Fancy Pen drive,"Mobiles,Tablets & Accessories >> Mobile Accessories >> Pen Drives",https://www.moonboy.in/images/product_img/original_jupetcqgjosciyd.jpg,Active,
652156,LVON-650-PD05-8GB,Beer Mug Shape Fancy Pen Drive,"Mobiles,Tablets & Accessories >> Mobile Accessories >> Pen Drives",https://www.moonboy.in/images/product_img/original_jm9hbzxn4fi0qoo.jpg,Active,
652155,CYHG-650-PD06-8GB,Black Lanyard Shape Fancy Pen Drive,"Mobiles,Tablets & Accessories >> Mobile Accessories >> Pen Drives",https://www.moonboy.in/images/product_img/original_i8jkr6v2uontelg.jpg,Active,
652154,FNMD-650-PD14-8GB,Boat Shape Fancy Pen Drive,"Mobiles,Tablets & Accessories >> Mobile Accessories >> Pen Drives",https://www.moonboy.in/images/product_img/original_dkyibekquwxa52u.jpg,Active,
652153,RXQA-650-PD15-8GB,Bottle Coca Cola Big Shape Fancy Pen Drive,"Mobiles,Tablets & Accessories >> Mobile Accessories >> Pen Drives",https://www.moonboy.in/images/product_img/original_wln0zefnm6bqusi.jpg,Active,
652152,QXMU-650-PD19-8GB,Bottle Heineken Shape Fancy Pen Drive,"Mobiles,Tablets & Accessories >> Mobile Accessories >> Pen Drives",https://www.moonboy.in/images/product_img/original_y18awypsehexifd.jpg,Active,
652151,EJDG-650-PD16-8GB,Bottle Opener Shape Fancy Pen Drive,"Mobiles,Tablets & Accessories >> Mobile Accessories >> Pen Drives",https://www.moonboy.in/images/product_img/original_ir51ejctjq86ugl.jpg,Active,
652150,IMUX-650-PD17-8GB,Bottle Pepsi Shape Fancy Pen Drive,"Mobiles,Tablets & Accessories >> Mobile Accessories >> Pen Drives",https://www.moonboy.in/images/product_img/original_u78sbmd5gnpzwre.jpg,Active,
652149,LMVX-650-PD18-8GB,Brasil 2014 Shape GB Fancy Pendrive,"Mobiles,Tablets & Accessories >> Mobile Accessories >> Pen Drives",https://www.moonboy.in/images/product_img/original_t4hbi6z1mgpndjn.jpg,Active,
652148,UTPJ-650-PD19-8GB,Brazil Football Jersey Shape Fancy Pen drive,"Mobiles,Tablets & Accessories >> Mobile Accessories >> Pen Drives",https://www.moonboy.in/images/product_img/original_ir3nnxcverboljj.jpg,Active,
652147,NWUH-650-PD20-8GB,Bulb Shape Fancy Pen Drive,"Mobiles,Tablets & Accessories >> Mobile Accessories >> Pen Drives",https://www.moonboy.in/images/product_img/original_x195sizygvsho4m.jpg,Active,
652146,JATM-650-PD22-8GB,Bullet Shape Fancy Pen Drive,"Mobiles,Tablets & Accessories >> Mobile Accessories >> Pen Drives",https://www.moonboy.in/images/product_img/original_65pltdhzr3ezqyg.jpg,Active,
652145,RAZJ-650-PD23-8GB,Bunny Shape Fancy Pen Drive,"Mobiles,Tablets & Accessories >> Mobile Accessories >> Pen Drives",https://www.moonboy.in/images/product_img/original_l7zdp01dupjixf8.jpg,Active,
652144,NBQO-650-PD24-8GB,Burger Shaped USB Fancy Pen Drive,"Mobiles,Tablets & Accessories >> Mobile Accessories >> Pen Drives",https://www.moonboy.in/images/product_img/original_2aqgixacbjd49gn.jpg,Active,
652143,SQUN-650-PD25-8GB,Camera Flash USB Fancy Pen Drive,"Mobiles,Tablets & Accessories >> Mobile Accessories >> Pen Drives",https://www.moonboy.in/images/product_img/original_p5xmnu683itlqyl.jpg,Active,
652142,CXOK-650-PD61-8GB,Car Shape Metal Fancy Pen Drive,"Mobiles,Tablets & Accessories >> Mobile Accessories >> Pen Drives",https://www.moonboy.in/images/product_img/original_fkwqoaxhtvtgshp.jpg,Active,
652141,SGFD-650-PD30-8GB,Car with Clock Shape Fancy Pen Drive,"Mobiles,Tablets & Accessories >> Mobile Accessories >> Pen Drives",https://www.moonboy.in/images/product_img/original_st4p1r6ihnxoya8.jpg,Active,
652140,DOSJ-650-PD34-8GB,Chili Pepper Fancy Pen Drive,"Mobiles,Tablets & Accessories >> Mobile Accessories >> Pen Drives",https://www.moonboy.in/images/product_img/original_fiejuso73iuvypz.jpg,Active,
652139,CDYQ-650-PD33-8GB,Cherry Red Shape Fancy Pen Drive,"Mobiles,Tablets & Accessories >> Mobile Accessories >> Pen Drives",https://www.moonboy.in/images/product_img/original_jgdle4l6zwvftan.jpg,Active,
652138,VYGW-650-PD36-8GB,Chocolate Shape Fancy Pen Drive,"Mobiles,Tablets & Accessories >> Mobile Accessories >> Pen Drives",https://www.moonboy.in/images/product_img/original_z9jhbonjtdl2gmw.jpg,Active,
652137,PONQ-650-PD38-8GB,Credit Card Shape USB Flash Fancy Pen Drive,"Mobiles,Tablets & Accessories >> Mobile Accessories >> Pen Drives",https://www.moonboy.in/images/product_img/original_onfdio2giamr0qy.jpg,Active,
652136,PLOS-650-PD39-8GB,Cute Baby Shape Fancy Pen Drive,"Mobiles,Tablets & Accessories >> Mobile Accessories >> Pen Drives",https://www.moonboy.in/images/product_img/original_ejztryx1havbpfd.jpg,Active,
652135,MHAE-650-PD45-8GB,Doremon Fancy Pen Drive,"Mobiles,Tablets & Accessories >> Mobile Accessories >> Pen Drives",https://www.moonboy.in/images/product_img/original_2ocqsjamif7kbti.jpg,Active,
652134,KYAT-650-PD46-8GB,Duck Shape Fancy Pen Drive,"Mobiles,Tablets & Accessories >> Mobile Accessories >> Pen Drives",https://www.moonboy.in/images/product_img/original_xsahov34virdgfk.jpg,Active,
652133,RIZM-650-PD47-8GB,Elephant Shape Fancy Pen Drive,"Mobiles,Tablets & Accessories >> Mobile Accessories >> Pen Drives",https://www.moonboy.in/images/product_img/original_5lcvcaposqyfb1w.jpg,Active,
652132,PMIS-650-PD56-8GB,Fifa Football 2014 Mascot Shape Designer Fancy Pen drive,"Mobiles,Tablets & Accessories >> Mobile Accessories >> Pen Drives",https://www.moonboy.in/images/product_img/original_nkfmerhjxzw4apl.jpg,Active,
652131,IPRO-650-PD48-8GB,Fish Neno Shape Fancy Pen Drive,"Mobiles,Tablets & Accessories >> Mobile Accessories >> Pen Drives",https://www.moonboy.in/images/product_img/original_u3ie56g2ctmncqr.jpg,Active,
652130,PBFZ-650-PD49-8GB,Fish Shape metal Fancy Pen Drive,"Mobiles,Tablets & Accessories >> Mobile Accessories >> Pen Drives",https://www.moonboy.in/images/product_img/original_pekvhywtuistwjr.jpg,Active,
652129,VESF-650-PD50-8GB,Fish Shark Shape Fancy Pen Drive,"Mobiles,Tablets & Accessories >> Mobile Accessories >> Pen Drives",https://www.moonboy.in/images/product_img/original_yj5qnsdt4i9hzbv.jpg,Active,
652128,QSCO-650-PD51-8GB,Football Jersey Shape Fancy Pen Drive,"Mobiles,Tablets & Accessories >> Mobile Accessories >> Pen Drives",https://www.moonboy.in/images/product_img/original_rjby8tnxoapotvi.jpg,Active,
652127,ZBPY-650-PD52-8GB,Golden Biscuit Shape Fancy Pen Drive,"Mobiles,Tablets & Accessories >> Mobile Accessories >> Pen Drives",https://www.moonboy.in/images/product_img/original_8dvnajtvyaeigzb.jpg,Active,
652126,TBES-650-PD54-8GB,Golden Guitar Metal Fancy Pen Drive,"Mobiles,Tablets & Accessories >> Mobile Accessories >> Pen Drives",https://www.moonboy.in/images/product_img/original_ummvalb6tsajowp.jpg,Active,
652125,FYJR-650-PD58-8GB,Gun Golden Metal Shape Fancy Pendrive,"Mobiles,Tablets & Accessories >> Mobile Accessories >> Pen Drives",https://www.moonboy.in/images/product_img/original_mqszbw6ewidkya3.jpg,Active,
652124,MVAR-650-PD60-8GB,Hand V Shape Fancy Pen Drive,"Mobiles,Tablets & Accessories >> Mobile Accessories >> Pen Drives",https://www.moonboy.in/images/product_img/original_4g6ncoxhi5v3wvl.jpg,Active,
652123,QDZW-650-PD61-8GB,Heart Blue Shape Fancy Pen Drive,"Mobiles,Tablets & Accessories >> Mobile Accessories >> Pen Drives",https://www.moonboy.in/images/product_img/original_ffsclurdsipnar0.jpg,Active,
652122,BUCJ-650-PD62-8GB,Heart Golden Shape Fancy Pen Drive,"Mobiles,Tablets & Accessories >> Mobile Accessories >> Pen Drives",https://www.moonboy.in/images/product_img/original_xhdmpuwhxcnbijo.jpg,Active,
652121,QETZ-650-PD66-8GB,Heart Pink Shape Fancy Pen Drive,"Mobiles,Tablets & Accessories >> Mobile Accessories >> Pen Drives",https://www.moonboy.in/images/product_img/original_gsohhty4ze7gej6.jpg,Active,
652120,KJVX-650-PD67-8GB,Heart Red Shape Fancy Pen drive,"Mobiles,Tablets & Accessories >> Mobile Accessories >> Pen Drives",https://www.moonboy.in/images/product_img/original_na2dk8wvc9fli4e.jpg,Active,
652119,EUMT-650-PD83-8GB,Horse Brown Shape Fancy Pendrive,"Mobiles,Tablets & Accessories >> Mobile Accessories >> Pen Drives",https://www.moonboy.in/images/product_img/original_guvq60ej2h3jbiv.jpg,Active,
652118,MRAO-650-PD78-8GB,Human Skeleton Fancy Pen drive,"Mobiles,Tablets & Accessories >> Mobile Accessories >> Pen Drives",https://www.moonboy.in/images/product_img/original_yqibgv0r1vfmuwc.jpg,Active,
652117,GIEA-650-PD35-8GB,Ice Cream Shape Fancy Pen drive,"Mobiles,Tablets & Accessories >> Mobile Accessories >> Pen Drives",https://www.moonboy.in/images/product_img/original_qbmt765kfxsl3u8.jpg,Active,
652116,SQNE-650-PD84-8GB,Iron Man Shape Fancy Pen drive,"Mobiles,Tablets & Accessories >> Mobile Accessories >> Pen Drives",https://www.moonboy.in/images/product_img/original_imihrtadgywkjqy.jpg,Active,
652115,ZALJ-650-PD79-8GB,Jerry Shape Fancy Pen drive,"Mobiles,Tablets & Accessories >> Mobile Accessories >> Pen Drives",https://www.moonboy.in/images/product_img/original_qbhccumotedzw5a.jpg,Active,
652114,WHCY-650-PD87-8GB,Kungfu Panda Shape Fancy Pen Drive,"Mobiles,Tablets & Accessories >> Mobile Accessories >> Pen Drives",https://www.moonboy.in/images/product_img/original_g9nhhcidn64tbme.jpg,Active,
652113,ZQDW-650-PD85-8GB,Ladies Hand Bag Metal Shape Fancy Pen drive,"Mobiles,Tablets & Accessories >> Mobile Accessories >> Pen Drives",https://www.moonboy.in/images/product_img/original_z9hbcxnmx57uzfb.jpg,Active,
652112,TIYC-650-PD88-8GB,Lipstick Shape Fancy Pen drive,"Mobiles,Tablets & Accessories >> Mobile Accessories >> Pen Drives",https://www.moonboy.in/images/product_img/original_b5vh1sz7nm4cup0.jpg,Active,
652111,AIFH-650-PD89-8GB,M & M Shape Fancy Pen drive,"Mobiles,Tablets & Accessories >> Mobile Accessories >> Pen Drives",https://www.moonboy.in/images/product_img/original_hf2rg4oo8kvl0wh.jpg,Active,
652110,MLJX-650-PD91-8GB,Mercedes Benz Key Shape Fancy Pen drive,"Mobiles,Tablets & Accessories >> Mobile Accessories >> Pen Drives",https://www.moonboy.in/images/product_img/original_kqgysljjuzpgvef.jpg,Active,
652109,UWDX-650-PD92-8GB,Metal Ferrari Shape Fancy Pen drive,"Mobiles,Tablets & Accessories >> Mobile Accessories >> Pen Drives",https://www.moonboy.in/images/product_img/original_syivq8pvg4ozmgb.jpg,Active,
652108,JVMI-650-PD93-8GB,Metal Gun Shape Fancy Pen drive,"Mobiles,Tablets & Accessories >> Mobile Accessories >> Pen Drives",https://www.moonboy.in/images/product_img/original_dqjrntibwvnomgk.jpg,Active,
652107,EFWI-650-PD94-8GB,Metal Home Shape Fancy Pen drive,"Mobiles,Tablets & Accessories >> Mobile Accessories >> Pen Drives",https://www.moonboy.in/images/product_img/original_duiswqfcetozjpj.jpg,Active,
652106,EANT-650-PD95-8GB,Metal Hook Shape Fancy Pendrive,"Mobiles,Tablets & Accessories >> Mobile Accessories >> Pen Drives",https://www.moonboy.in/images/product_img/original_mwetxknbj5aqzh0.jpg,Active,
652105,ZLTK-650-PD100-8GB,Mickey Mouse Shape Fancy Pen drive,"Mobiles,Tablets & Accessories >> Mobile Accessories >> Pen Drives",https://www.moonboy.in/images/product_img/original_klrjvhqd9bky4zy.jpg,Active,
652104,JQRO-650-PD190-8GB,Miffy Shape Fancy Pendrive,"Mobiles,Tablets & Accessories >> Mobile Accessories >> Pen Drives",https://www.moonboy.in/images/product_img/original_lsovrvkem25jwao.jpg,Active,
652103,JMWV-650-PD107-8GB,Minnie Mouse Shape Fancy Pen drive,"Mobiles,Tablets & Accessories >> Mobile Accessories >> Pen Drives",https://www.moonboy.in/images/product_img/original_0x6duyr9fcwmxn5.jpg,Active,
652102,ZEHX-650-PD109-8GB,Monkey Shape Fancy Pen drive,"Mobiles,Tablets & Accessories >> Mobile Accessories >> Pen Drives",https://www.moonboy.in/images/product_img/original_dnlf8uviqgrmvyz.jpg,Active,
652101,EAMV-650-PD111-8GB,Mouse Shape Fancy Pen drive,"Mobiles,Tablets & Accessories >> Mobile Accessories >> Pen Drives",https://www.moonboy.in/images/product_img/original_rhjhd4e7lzsgfum.jpg,Active,
652100,HSZU-650-Pd117-8GB,Music Man 3 Shape Fancy Pendrive,"Mobiles,Tablets & Accessories >> Mobile Accessories >> Pen Drives",https://www.moonboy.in/images/product_img/original_ku0vxqowyzjsfs8.jpg,Active,
652099,OUFQ-650-PD118-8GB,Nut Shape Fancy Pendrive,"Mobiles,Tablets & Accessories >> Mobile Accessories >> Pen Drives",https://www.moonboy.in/images/product_img/original_9f3agiyxbisokh5.jpg,Active,
652098,CXBZ-650-PD120-8GB,Panda Jewellery Shape Fancy Pendrive,"Mobiles,Tablets & Accessories >> Mobile Accessories >> Pen Drives",https://www.moonboy.in/images/product_img/original_mljxvkttjpr2er8.jpg,Active,
652097,FYSM-650-PD121-8GB,Panda Shape Fancy Pendrive,"Mobiles,Tablets & Accessories >> Mobile Accessories >> Pen Drives",https://www.moonboy.in/images/product_img/original_c1ondtlztmwxpui.jpg,Active,
652096,LRCQ-650-PD125-8GB,Pen Fancy Pendrive,"Mobiles,Tablets & Accessories >> Mobile Accessories >> Pen Drives",https://www.moonboy.in/images/product_img/original_l1z8ywuabs6vq0i.jpg,Active,
652095,ZHFY-650-PD126-8GB,Silver Pen Shape Fancy Pendrive,"Mobiles,Tablets & Accessories >> Mobile Accessories >> Pen Drives",https://www.moonboy.in/images/product_img/original_a0tnqfsiux4spve.jpg,Active,
652094,CONX-650-PD128-8GB,Pink Ladies Hand Bag Shape Fancy Pendrive,"Mobiles,Tablets & Accessories >> Mobile Accessories >> Pen Drives",https://www.moonboy.in/images/product_img/original_0vkotbpwdrznrpq.jpg,Active,
652093,KETJ-650-PD132-8GB,Rose Red Shape Fancy Pendrive,"Mobiles,Tablets & Accessories >> Mobile Accessories >> Pen Drives",https://www.moonboy.in/images/product_img/original_emkvbox8ygirzpn.jpg,Active,
652092,FMTB-650-PD138-8GB,Santa Claus Shape Fancy Pendrive,"Mobiles,Tablets & Accessories >> Mobile Accessories >> Pen Drives",https://www.moonboy.in/images/product_img/original_9lk5ljbtwsaozv4.jpg,Active,
652091,NYJG-650-PD55-8GB,Silver Guitar Metal Fancy Pendrive,"Mobiles,Tablets & Accessories >> Mobile Accessories >> Pen Drives",https://www.moonboy.in/images/product_img/original_czvuiodw5hv6t3t.jpg,Active,
652090,IZEQ-650-PD142-8GB,Silver Key Shape Fancy Pendrive,"Mobiles,Tablets & Accessories >> Mobile Accessories >> Pen Drives",https://www.moonboy.in/images/product_img/original_fv9ma7wua2ymcfg.jpg,Active,
652089,EIMT-650-PD143-8GB,Silver Lock Shape Fancy Pendrive,"Mobiles,Tablets & Accessories >> Mobile Accessories >> Pen Drives",https://www.moonboy.in/images/product_img/original_csg0ay2xhbgr3ew.jpg,Active,
652088,RFIY-650-PD144-8GB,Slipper Red Shape Fancy Pendrive,"Mobiles,Tablets & Accessories >> Mobile Accessories >> Pen Drives",https://www.moonboy.in/images/product_img/original_adnnq3vhdw2xsgs.jpg,Active,
652087,TWUZ-650-PD150-8GB,Snata Claus Shoes Shape Fancy Pendrive,"Mobiles,Tablets & Accessories >> Mobile Accessories >> Pen Drives",https://www.moonboy.in/images/product_img/original_vtjnxqqt0yg5ims.jpg,Active,
652086,ZJAP-650-PD151-8GB,Strawberry Shape Fancy Pendrive,"Mobiles,Tablets & Accessories >> Mobile Accessories >> Pen Drives",https://www.moonboy.in/images/product_img/original_ztelj3wmks64cw5.jpg,Active,
652085,HRBN-650-PD152-8GB,Super Mario Shape Fancy Pendrive,"Mobiles,Tablets & Accessories >> Mobile Accessories >> Pen Drives",https://www.moonboy.in/images/product_img/original_nsq2prhidf8vywt.jpg,Active,
652084,FDBJ-650-PD154-8GB,Tea Pot Black Shape Fancy Pendrive,"Mobiles,Tablets & Accessories >> Mobile Accessories >> Pen Drives",https://www.moonboy.in/images/product_img/original_ft82gzefgdvpkka.jpg,Active,
652083,UORL-650-PD155-8GB,Tea Pot Brown Shape Fancy Pendrive,"Mobiles,Tablets & Accessories >> Mobile Accessories >> Pen Drives",https://www.moonboy.in/images/product_img/original_rxld6he8gwlqbad.jpg,Active,
652082,UAVT-650-PD158-8GB,Tortoise Shape Fancy Pendrive,"Mobiles,Tablets & Accessories >> Mobile Accessories >> Pen Drives",https://www.moonboy.in/images/product_img/original_489dplqqkdyvb2n.jpg,Active,
652081,BKCT-650-PD160-8GB,Truck Blue Shape Fancy Pendrive,"Mobiles,Tablets & Accessories >> Mobile Accessories >> Pen Drives",https://www.moonboy.in/images/product_img/original_cwofddz0fnb2jhr.jpg,Active,
652080,ZUOK-650-PD161-8GB,Truck K-Line Fancy Pendrive,"Mobiles,Tablets & Accessories >> Mobile Accessories >> Pen Drives",https://www.moonboy.in/images/product_img/original_xymvghqj789rkia.jpg,Active,
652079,EAZU-650-PD162-8GB,Winnie Pooh Cartoon Shape Fancy Pendrive,"Mobiles,Tablets & Accessories >> Mobile Accessories >> Pen Drives",https://www.moonboy.in/images/product_img/original_yqxk2geq8hw9kju.jpg,Active,
652078,WKLT-650-PD165-8GB,Wrist Band Black Fancy Pendrive,"Mobiles,Tablets & Accessories >> Mobile Accessories >> Pen Drives",https://www.moonboy.in/images/product_img/original_lwue9i3klcvwo1v.jpg,Active,
652077,EBFA-650-PD166-8GB,Wrist Band Blue Fancy Pendrive,"Mobiles,Tablets & Accessories >> Mobile Accessories >> Pen Drives",https://www.moonboy.in/images/product_img/original_xcluofwpg9khy6i.jpg,Active,
652076,AVHU-650-PD167-8GB,Wrist Band Green Fancy Pendrive,"Mobiles,Tablets & Accessories >> Mobile Accessories >> Pen Drives",https://www.moonboy.in/images/product_img/original_ebsflsyuhv2bnam.jpg,Active,
652075,OTKY-650-PD168-8GB,Wrist Band Red Fancy Pendrive,"Mobiles,Tablets & Accessories >> Mobile Accessories >> Pen Drives",https://www.moonboy.in/images/product_img/original_sultkp5ah29igqm.jpg,Active,
652074,OWLR-650-PD171-8GB,Wrist Band White Fancy Pendrive,"Mobiles,Tablets & Accessories >> Mobile Accessories >> Pen Drives",https://www.moonboy.in/images/product_img/original_es3jfy2igym5kqu.jpg,Active,
652073,ETQM-650-PD172-8GB,X Mas Tree Fancy Pendrive,"Mobiles,Tablets & Accessories >> Mobile Accessories >> Pen Drives",https://www.moonboy.in/images/product_img/original_bqjr8kmokneh7md.jpg,Active,
652072,YVST-650-PD173-8GB,Zodiac Sign Libra 8 GB Pen Drive,"Mobiles,Tablets & Accessories >> Mobile Accessories >> Pen Drives",https://www.moonboy.in/images/product_img/original_gjfqbuktwvarmcn.jpg,Active,
652071,FKDY-650-PD174-8GB,Zodiac Sign Scorpio 8 GB Pen Drive,"Mobiles,Tablets & Accessories >> Mobile Accessories >> Pen Drives",https://www.moonboy.in/images/product_img/original_g25ixmcz1yczbx6.jpg,Active,
652070,ZCLI-650-PD175-8GB,Zodiac Sign Cancer 8 GB Pen Drive,"Mobiles,Tablets & Accessories >> Mobile Accessories >> Pen Drives",https://www.moonboy.in/images/product_img/original_y3jnictsxek2hpw.jpg,Active,
652069,NSJQ-650-PD176-8GB,Zodiac Sign Taurus 8 GB Pen Drive,"Mobiles,Tablets & Accessories >> Mobile Accessories >> Pen Drives",https://www.moonboy.in/images/product_img/original_15nle9q43ojiytn.jpg,Active,
652068,FCXW-650-PD177-8GB,Zodiac Sign Virgo 8 GB Pen Drive,"Mobiles,Tablets & Accessories >> Mobile Accessories >> Pen Drives",https://www.moonboy.in/images/product_img/original_p5iigr6yl3azpqw.jpg,Active,
652067,ZFPB-650-PD178-8GB,Zodiac Sign Leo 8 GB Pen Drive,"Mobiles,Tablets & Accessories >> Mobile Accessories >> Pen Drives",https://www.moonboy.in/images/product_img/original_qhfwcu83qxzbs1g.jpg,Active,
652066,KYAG-650-PD179-8GB,Zodiac Sign Capricorn 8 GB Pen Drive,"Mobiles,Tablets & Accessories >> Mobile Accessories >> Pen Drives",https://www.moonboy.in/images/product_img/original_yuylbwmbhotts59.jpg,Active,
652065,GRVH-650-PD180-8GB,Zodiac Sign Pisces 8 GB Pen Drive,"Mobiles,Tablets & Accessories >> Mobile Accessories >> Pen Drives",https://www.moonboy.in/images/product_img/original_ehu3zhd5m9xfgvf.jpg,Active,
652064,DPAJ-650-PD181-8GB,Zodiac Sign Gemini 8 GB Pen Drive,"Mobiles,Tablets & Accessories >> Mobile Accessories >> Pen Drives",https://www.moonboy.in/images/product_img/original_76xmrl8yn5udjwf.jpg,Active,
652063,KIAC-650-PD182-8GB,Zodiac Sign Sagittarus 8 GB Pen Drive,"Mobiles,Tablets & Accessories >> Mobile Accessories >> Pen Drives",https://www.moonboy.in/images/product_img/original_cgxhdetd9zylouj.jpg,Active,
652062,NGWT-650-PD183-8GB,Zodiac Sign Aquarius 8 GB Pen Drive,"Mobiles,Tablets & Accessories >> Mobile Accessories >> Pen Drives",https://www.moonboy.in/images/product_img/original_wa4zdf92yksri0b.jpg,Active,
652061,EALD-650-PD184-8GB,Zodiac Sign Aries 8 GB Pen Drive,"Mobiles,Tablets & Accessories >> Mobile Accessories >> Pen Drives",https://www.moonboy.in/images/product_img/original_4m6jfywod2bf3x7.jpg,Active,
